{"cameraMode":{"drawMode":0,"name":"Shaded","section":"Shading Mode"},"sceneLighting":true,"audioPlay":false,"sceneViewState":{"m_AlwaysRefresh":false,"showFog":true,"showSkybox":true,"showFlares":true,"showImageEffects":true,"showParticleSystems":true,"showVisualEffectGraphs":true,"m_FxEnabled":true},"in2DMode":false,"pivot":{"x":-2.3466930389404299,"y":3.7136473655700685,"z":-3.1037397384643556},"rotation":{"x":-0.023478364571928979,"y":0.9764748811721802,"z":-0.15538980066776277,"w":-0.14759527146816255},"size":3.9617319107055666,"orthographic":false}